196,D001,196@aaa.bbb
197,DEN000,197@aaa.bbb
198,H02,198@aaa.bbb
199,H03,199@aaa.bbb
200,H04,200@aaa.bbb
201,H05,201@aaa.bbb
202,H06,202@aaa.bbb
203,H07,203@aaa.bbb
204,H09,204@aaa.bbb
205,H10,205@aaa.bbb
206,H11,206@aaa.bbb
207,J01,207@aaa.bbb
208,J01001,208@aaa.bbb
209,J02,209@aaa.bbb
210,K01,210@aaa.bbb
211,K02,211@aaa.bbb
212,K03,212@aaa.bbb
213,K04,213@aaa.bbb
214,K05,214@aaa.bbb
215,K07,215@aaa.bbb
216,K08,216@aaa.bbb
217,K09,217@aaa.bbb
218,K12,218@aaa.bbb
219,K13,219@aaa.bbb
220,K14,220@aaa.bbb
221,K15,221@aaa.bbb
222,K16,222@aaa.bbb
223,K17,223@aaa.bbb
224,k18,224@aaa.bbb
225,K19,ito-k@iza-ito.jp
226,K20,226@aaa.bbb
227,K22,227@aaa.bbb
228,K23,228@aaa.bbb
229,K21,229@aaa.bbb
230,K24,230@aaa.bbb
231,K25,231@aaa.bbb
232,K26,232@aaa.bbb
233,K27,233@aaa.bbb
234,K28,234@aaa.bbb
235,K29,235@aaa.bbb
236,K30,236@aaa.bbb
237,K31,237@aaa.bbb
238,K32,238@aaa.bbb
239,K33,239@aaa.bbb
240,K34,240@aaa.bbb
241,K35,241@aaa.bbb
242,K36,242@aaa.bbb
243,K37,243@aaa.bbb
244,K38,244@aaa.bbb
245,K39,245@aaa.bbb
246,K40,246@aaa.bbb
247,K41,247@aaa.bbb
248,K42,248@aaa.bbb
249,K43,249@aaa.bbb
250,K44,250@aaa.bbb
251,K45,251@aaa.bbb
252,K46,252@aaa.bbb
253,K47,253@aaa.bbb
254,K48,254@aaa.bbb
255,K49,255@aaa.bbb
256,K50,256@aaa.bbb
257,K51,257@aaa.bbb
258,K52,258@aaa.bbb
259,K53,259@aaa.bbb
260,K54,260@aaa.bbb
261,K55,261@aaa.bbb
262,K56,262@aaa.bbb
263,K57,263@aaa.bbb
264,K58,264@aaa.bbb
265,K59,265@aaa.bbb
266,K60,266@aaa.bbb
267,K61,267@aaa.bbb
268,K62,268@aaa.bbb
269,K63,269@aaa.bbb
270,K64,270@aaa.bbb
271,K65,271@aaa.bbb
272,K66,272@aaa.bbb
273,K67,273@aaa.bbb
274,K68,274@aaa.bbb
275,K69,275@aaa.bbb
276,K70,276@aaa.bbb
277,K71,277@aaa.bbb
278,K72,278@aaa.bbb
279,K73,279@aaa.bbb
280,K74,280@aaa.bbb
281,K75,gotoh@nissin-rope.jp
282,K76,282@aaa.bbb
283,P0000,283@aaa.bbb
284,P0001,284@aaa.bbb
285,P0002,285@aaa.bbb
286,P0003,286@aaa.bbb
287,P0004,287@aaa.bbb
288,P0005,288@aaa.bbb
289,P0006,289@aaa.bbb
290,P0007,290@aaa.bbb
291,P0008,291@aaa.bbb
292,P0009,292@aaa.bbb
293,P0010,293@aaa.bbb
294,P0011,294@aaa.bbb
295,P0012,295@aaa.bbb
296,P0013,296@aaa.bbb
297,P0014,297@aaa.bbb
298,P0015,298@aaa.bbb
299,P0016,299@aaa.bbb
300,P0017,300@aaa.bbb
301,P0018,301@aaa.bbb
302,P0019,302@aaa.bbb
303,P0020,303@aaa.bbb
304,P0021,304@aaa.bbb
305,P0022,305@aaa.bbb
306,P0023,306@aaa.bbb
307,P0024,307@aaa.bbb
308,P0025,308@aaa.bbb
309,P0026,309@aaa.bbb
310,P0027,310@aaa.bbb
311,P0028,311@aaa.bbb
312,P0029,312@aaa.bbb
313,P0030,313@aaa.bbb
314,P0031,314@aaa.bbb
315,P0032,315@aaa.bbb
316,P0033,316@aaa.bbb
317,P0034,317@aaa.bbb
318,P0035,318@aaa.bbb
319,P0036,319@aaa.bbb
320,P0037,320@aaa.bbb
321,P0038,321@aaa.bbb
322,P0039,322@aaa.bbb
323,P0040,323@aaa.bbb
324,P0041,324@aaa.bbb
325,P0042,325@aaa.bbb
326,P0043,326@aaa.bbb
327,P0044,327@aaa.bbb
328,P0045,328@aaa.bbb
329,P0046,329@aaa.bbb
330,P0047,330@aaa.bbb
331,P0048,331@aaa.bbb
332,P0049,332@aaa.bbb
333,P0050,333@aaa.bbb
334,P0051,334@aaa.bbb
335,P0052,335@aaa.bbb
336,P0053,336@aaa.bbb
337,P0054,337@aaa.bbb
338,P0055,338@aaa.bbb
339,P0056,339@aaa.bbb
340,P0057,340@aaa.bbb
341,P0058,341@aaa.bbb
342,P0059,342@aaa.bbb
343,P0060,343@aaa.bbb
344,P0061,344@aaa.bbb
345,P0062,345@aaa.bbb
346,P0063,346@aaa.bbb
347,P0064,chaihpf@gmail.com
348,P0065,348@aaa.bbb
349,P0066,349@aaa.bbb
350,P0067,350@aaa.bbb
351,P0068,hinanomirano@yahoo.co.jp
352,P0069,352@aaa.bbb
353,P0070,353@aaa.bbb
354,P0071,354@aaa.bbb
355,P0072,355@aaa.bbb
356,P0073,kitano@pet-ya.net
357,P0074,357@aaa.bbb
358,P0075,358@aaa.bbb
359,P0076,359@aaa.bbb
360,P0077,360@aaa.bbb
361,P0078,361@aaa.bbb
362,P0079,362@aaa.bbb
363,P0080,363@aaa.bbb
364,P0081,364@aaa.bbb
365,P0082,365@aaa.bbb
366,P0083,366@aaa.bbb
367,P0084,367@aaa.bbb
368,P0085,368@aaa.bbb
369,P0086,369@aaa.bbb
370,P0087,370@aaa.bbb
371,P0088,371@aaa.bbb
372,P0089,372@aaa.bbb
373,P0090,373@aaa.bbb
374,P0091,374@aaa.bbb
375,P0092,375@aaa.bbb
376,P0093,info@lifeforce-reptile.com
377,P0094,377@aaa.bbb
378,P0095,378@aaa.bbb
379,P0096,379@aaa.bbb
380,P0097,380@aaa.bbb
381,P0098,381@aaa.bbb
382,P0099,382@aaa.bbb
383,P0100,383@aaa.bbb
384,P0101,384@aaa.bbb
385,P0102,385@aaa.bbb
386,P0103,386@aaa.bbb
387,P0104,387@aaa.bbb
388,P0105,388@aaa.bbb
389,P0106,389@aaa.bbb
390,P0107,390@aaa.bbb
391,P0108,391@aaa.bbb
392,P0109,392@aaa.bbb
393,P0110,393@aaa.bbb
394,P0111,394@aaa.bbb
395,P0112,395@aaa.bbb
396,P0113,396@aaa.bbb
397,P0114,397@aaa.bbb
398,P0115,398@aaa.bbb
399,P0116,399@aaa.bbb
400,P0117,400@aaa.bbb
401,P0118,401@aaa.bbb
402,P0119,402@aaa.bbb
403,P0120,403@aaa.bbb
404,P0121,404@aaa.bbb
405,P0122,405@aaa.bbb
406,P0123,406@aaa.bbb
407,P0124,407@aaa.bbb
408,P0125,408@aaa.bbb
409,P0126,409@aaa.bbb
410,P0127,410@aaa.bbb
411,P0128,411@aaa.bbb
412,P0129,412@aaa.bbb
413,P0130,413@aaa.bbb
414,P0131,414@aaa.bbb
415,P0132,415@aaa.bbb
416,P0133,416@aaa.bbb
417,P0134,417@aaa.bbb
418,P0135,418@aaa.bbb
419,P0136,419@aaa.bbb
420,P0137,420@aaa.bbb
421,P0138,421@aaa.bbb
422,P0139,422@aaa.bbb
423,P0140,423@aaa.bbb
424,P0141,424@aaa.bbb
425,P0142,425@aaa.bbb
426,P0143,426@aaa.bbb
427,P0144,427@aaa.bbb
428,P0145,428@aaa.bbb
429,P0146,429@aaa.bbb
430,P0147,430@aaa.bbb
431,P0148,431@aaa.bbb
432,P0149,432@aaa.bbb
433,P0150,433@aaa.bbb
434,P0151,434@aaa.bbb
435,P0152,435@aaa.bbb
436,P0153,436@aaa.bbb
437,P0154,437@aaa.bbb
438,P0155,438@aaa.bbb
439,P0156,439@aaa.bbb
440,P0157,440@aaa.bbb
441,P0158,441@aaa.bbb
442,P0159,442@aaa.bbb
443,P0160,443@aaa.bbb
444,P0161,444@aaa.bbb
445,P0162,445@aaa.bbb
446,P0163,446@aaa.bbb
447,P0164,447@aaa.bbb
448,P0165,448@aaa.bbb
449,P0166,449@aaa.bbb
450,P0167,450@aaa.bbb
451,P0168,451@aaa.bbb
452,P0169,452@aaa.bbb
453,P0170,453@aaa.bbb
454,P0171,454@aaa.bbb
455,P0172,455@aaa.bbb
456,P0173,456@aaa.bbb
457,P0174,457@aaa.bbb
458,P0175,458@aaa.bbb
459,P0176,459@aaa.bbb
460,P0177,460@aaa.bbb
461,P0178,461@aaa.bbb
462,P0179,462@aaa.bbb
463,P0180,463@aaa.bbb
464,P0181,464@aaa.bbb
465,P0182,info@shimizu-kikuya.jp
466,P0183,466@aaa.bbb
467,P0184,467@aaa.bbb
468,P0185,468@aaa.bbb
469,P0186,469@aaa.bbb
470,P0187,470@aaa.bbb
471,P0188,471@aaa.bbb
472,P0189,472@aaa.bbb
473,P0190,473@aaa.bbb
474,P0191,474@aaa.bbb
475,P0192,475@aaa.bbb
476,P0193,476@aaa.bbb
477,P0194,477@aaa.bbb
478,P0195,478@aaa.bbb
479,P0196,479@aaa.bbb
480,P0197,480@aaa.bbb
481,P0198,481@aaa.bbb
482,P0199,482@aaa.bbb
483,P0200,483@aaa.bbb
484,P0201,484@aaa.bbb
485,P0202,485@aaa.bbb
486,P0203,486@aaa.bbb
487,P0204,487@aaa.bbb
488,P0205,488@aaa.bbb
489,P0206,489@aaa.bbb
490,P0207,490@aaa.bbb
491,P0208,491@aaa.bbb
492,P0209,492@aaa.bbb
493,P0210,493@aaa.bbb
494,P0211,494@aaa.bbb
495,P0212,495@aaa.bbb
496,P0213,496@aaa.bbb
497,P0214,497@aaa.bbb
498,P0215,498@aaa.bbb
499,P0216,499@aaa.bbb
500,P0217,500@aaa.bbb
501,P0218,501@aaa.bbb
502,P0219,502@aaa.bbb
503,P0220,503@aaa.bbb
504,P0221,504@aaa.bbb
505,P0222,505@aaa.bbb
506,P0223,506@aaa.bbb
507,P0224,507@aaa.bbb
508,P0225,508@aaa.bbb
509,P0226,509@aaa.bbb
510,P0227,510@aaa.bbb
511,P0228,511@aaa.bbb
512,P0229,512@aaa.bbb
513,P0230,513@aaa.bbb
514,P0231,514@aaa.bbb
515,P0232,515@aaa.bbb
516,P0233,516@aaa.bbb
517,P0234,517@aaa.bbb
518,P0235,518@aaa.bbb
519,P0236,519@aaa.bbb
520,P0237,520@aaa.bbb
521,P0238,521@aaa.bbb
522,P0239,522@aaa.bbb
523,P0240,523@aaa.bbb
524,P0241,524@aaa.bbb
525,P0242,525@aaa.bbb
526,P0243,526@aaa.bbb
527,P0244,527@aaa.bbb
528,P0245,528@aaa.bbb
529,P0246,529@aaa.bbb
530,P0247,530@aaa.bbb
531,P0248,531@aaa.bbb
532,P0249,532@aaa.bbb
533,P0250,533@aaa.bbb
534,P0251,534@aaa.bbb
535,P0252,535@aaa.bbb
536,P0253,536@aaa.bbb
537,P0254,537@aaa.bbb
538,P0255,538@aaa.bbb
539,P0256,539@aaa.bbb
540,P0257,540@aaa.bbb
541,P0258,541@aaa.bbb
542,P0259,542@aaa.bbb
543,P0260,543@aaa.bbb
544,P0261,544@aaa.bbb
545,P0262,545@aaa.bbb
546,P0263,546@aaa.bbb
547,P0264,547@aaa.bbb
548,P0265,548@aaa.bbb
549,P0266,549@aaa.bbb
550,P0267,550@aaa.bbb
551,P0268,551@aaa.bbb
552,P0269,552@aaa.bbb
553,P0270,553@aaa.bbb
554,P0271,554@aaa.bbb
555,P0272,555@aaa.bbb
556,P0273,556@aaa.bbb
557,P0274,557@aaa.bbb
558,P0275,558@aaa.bbb
559,P0276,559@aaa.bbb
560,P0277,560@aaa.bbb
561,P0278,561@aaa.bbb
562,P0279,562@aaa.bbb
563,P0280,563@aaa.bbb
564,P0281,564@aaa.bbb
565,P0282,565@aaa.bbb
566,P0283,566@aaa.bbb
567,P0284,567@aaa.bbb
568,P0285,568@aaa.bbb
569,P0286,569@aaa.bbb
570,P0287,570@aaa.bbb
571,P0288,571@aaa.bbb
572,P0289,572@aaa.bbb
573,P0290,573@aaa.bbb
574,P0291,574@aaa.bbb
575,P0292,575@aaa.bbb
576,P0293,576@aaa.bbb
577,P0294,577@aaa.bbb
578,P0295,578@aaa.bbb
579,P0296,579@aaa.bbb
580,P0297,info@marinepark.jp
581,P0298,581@aaa.bbb
582,P0299,582@aaa.bbb
583,P0300,583@aaa.bbb
584,P0301,584@aaa.bbb
585,P0302,585@aaa.bbb
586,P0303,586@aaa.bbb
587,P0304,587@aaa.bbb
588,P0305,588@aaa.bbb
589,P0306,589@aaa.bbb
590,P0307,590@aaa.bbb
591,P0308,591@aaa.bbb
592,P0309,592@aaa.bbb
593,P0310,593@aaa.bbb
594,P0311,594@aaa.bbb
595,P0312,595@aaa.bbb
596,P0313,596@aaa.bbb
597,P0314,597@aaa.bbb
598,P0315,598@aaa.bbb
599,P0316,599@aaa.bbb
600,P0317,600@aaa.bbb
601,P0318,601@aaa.bbb
602,P0319,602@aaa.bbb
603,P0320,603@aaa.bbb
604,P0321,604@aaa.bbb
605,P0322,605@aaa.bbb
606,P0323,606@aaa.bbb
607,P0324,607@aaa.bbb
608,P0325,608@aaa.bbb
609,P0326,609@aaa.bbb
610,P0327,610@aaa.bbb
611,P0328,611@aaa.bbb
612,P0329,612@aaa.bbb
613,P0330,613@aaa.bbb
614,P0331,614@aaa.bbb
615,P0332,615@aaa.bbb
616,P0333,616@aaa.bbb
617,P0334,617@aaa.bbb
618,P0335,618@aaa.bbb
619,P0336,619@aaa.bbb
620,P0337,620@aaa.bbb
621,P0338,621@aaa.bbb
622,P0339,622@aaa.bbb
623,P0340,623@aaa.bbb
624,P0341,624@aaa.bbb
625,P0342,625@aaa.bbb
626,P0343,626@aaa.bbb
627,P0344,627@aaa.bbb
628,P0345,628@aaa.bbb
629,P0346,629@aaa.bbb
630,P0347,630@aaa.bbb
631,P0348,631@aaa.bbb
632,P0349,632@aaa.bbb
633,P0350,633@aaa.bbb
634,P0351,634@aaa.bbb
635,P0352,635@aaa.bbb
636,P0353,636@aaa.bbb
637,P0354,637@aaa.bbb
638,P0355,638@aaa.bbb
639,P0356,639@aaa.bbb
640,P0357,640@aaa.bbb
641,P0358,641@aaa.bbb
642,P0359,642@aaa.bbb
643,P0360,643@aaa.bbb
644,P0361,644@aaa.bbb
645,P0362,645@aaa.bbb
646,P0363,646@aaa.bbb
647,P0364,647@aaa.bbb
648,P0365,648@aaa.bbb
649,P0366,649@aaa.bbb
650,P0367,650@aaa.bbb
651,P0368,651@aaa.bbb
652,P0369,652@aaa.bbb
653,P0370,653@aaa.bbb
654,P0371,654@aaa.bbb
655,P0372,655@aaa.bbb
656,P0373,656@aaa.bbb
657,P0374,657@aaa.bbb
658,P0375,658@aaa.bbb
659,P0376,659@aaa.bbb
660,P0377,660@aaa.bbb
661,P0378,661@aaa.bbb
662,P0379,662@aaa.bbb
663,P0380,book-cova3100@kobatake.net
664,P0381,664@aaa.bbb
665,P0382,665@aaa.bbb
666,P0383,666@aaa.bbb
667,P0384,667@aaa.bbb
668,P0385,668@aaa.bbb
669,P0386,669@aaa.bbb
670,P0387,670@aaa.bbb
671,P0388,671@aaa.bbb
672,P0389,672@aaa.bbb
673,P0390,673@aaa.bbb
674,P0391,674@aaa.bbb
675,P0392,info@rikijapan.com
676,P0393,676@aaa.bbb
677,P0394,677@aaa.bbb
678,P0395,678@aaa.bbb
679,P0396,679@aaa.bbb
680,P0397,680@aaa.bbb
681,P0398,681@aaa.bbb
682,P0399,682@aaa.bbb
683,P0400,683@aaa.bbb
684,P0401,684@aaa.bbb
685,P0402,685@aaa.bbb
686,P0403,686@aaa.bbb
687,P0404,687@aaa.bbb
688,P0405,688@aaa.bbb
689,P0406,689@aaa.bbb
690,P0407,690@aaa.bbb
691,P0408,691@aaa.bbb
692,P0409,692@aaa.bbb
693,P0410,693@aaa.bbb
694,P0411,694@aaa.bbb
695,P0412,695@aaa.bbb
696,P0413,696@aaa.bbb
697,P0414,697@aaa.bbb
698,P0415,species@onlyone.zaq.jp
699,P0416,699@aaa.bbb
700,P0417,700@aaa.bbb
701,P0418,701@aaa.bbb
702,P0419,702@aaa.bbb
703,P0420,703@aaa.bbb
704,P0421,704@aaa.bbb
705,P0422,705@aaa.bbb
706,P0423,706@aaa.bbb
707,P0424,707@aaa.bbb
708,P0425,708@aaa.bbb
709,P0426,709@aaa.bbb
710,P0427,710@aaa.bbb
711,P0428,711@aaa.bbb
712,P0429,712@aaa.bbb
713,P0430,713@aaa.bbb
714,P0431,714@aaa.bbb
715,P0432,715@aaa.bbb
716,P0433,716@aaa.bbb
717,P0434,717@aaa.bbb
718,P0435,718@aaa.bbb
719,P0436,719@aaa.bbb
720,P0437,wadapetshop@gmail.com
721,P0438,721@aaa.bbb
722,P0439,722@aaa.bbb
723,P0440,723@aaa.bbb
724,P0441,724@aaa.bbb
725,P0442,725@aaa.bbb
726,P0443,726@aaa.bbb
727,P0444,727@aaa.bbb
728,P0445,728@aaa.bbb
729,P0446,729@aaa.bbb
730,P0447,730@aaa.bbb
731,P0448,731@aaa.bbb
732,P0449,732@aaa.bbb
733,P0450,733@aaa.bbb
734,P0451,734@aaa.bbb
735,P0452,735@aaa.bbb
736,P0453,736@aaa.bbb
737,P0454,737@aaa.bbb
738,P0455,738@aaa.bbb
739,P0456,739@aaa.bbb
740,P0457,740@aaa.bbb
741,P0458,741@aaa.bbb
742,P0459,hamoudou@maia.eonet.ne.jp
743,P0460,743@aaa.bbb
744,P0461,744@aaa.bbb
745,P0462,745@aaa.bbb
746,P0463,746@aaa.bbb
747,P0464,747@aaa.bbb
748,P0465,748@aaa.bbb
749,P0466,749@aaa.bbb
750,P0467,750@aaa.bbb
751,P0468,751@aaa.bbb
752,P0469,752@aaa.bbb
753,P0470,753@aaa.bbb
754,P0471,754@aaa.bbb
755,P0472,755@aaa.bbb
756,P0473,756@aaa.bbb
757,P0474,757@aaa.bbb
758,P0475,758@aaa.bbb
759,P0476,759@aaa.bbb
760,P0477,760@aaa.bbb
761,P0478,761@aaa.bbb
762,P0479,762@aaa.bbb
763,P0480,763@aaa.bbb
764,P0481,764@aaa.bbb
765,P0482,765@aaa.bbb
766,P0483,766@aaa.bbb
767,P0484,767@aaa.bbb
768,P0485,768@aaa.bbb
769,P0486,769@aaa.bbb
770,P0487,770@aaa.bbb
771,P0488,771@aaa.bbb
772,P0489,772@aaa.bbb
773,P0490,773@aaa.bbb
774,P0491,774@aaa.bbb
775,P0492,775@aaa.bbb
776,P0493,776@aaa.bbb
777,P0494,777@aaa.bbb
778,P0495,778@aaa.bbb
779,P0496,779@aaa.bbb
780,P0497,780@aaa.bbb
781,P0498,781@aaa.bbb
782,P0499,782@aaa.bbb
783,P0500,783@aaa.bbb
784,P0501,784@aaa.bbb
785,P0502,785@aaa.bbb
786,P0503,786@aaa.bbb
787,P0504,787@aaa.bbb
788,P0505,788@aaa.bbb
789,P0506,789@aaa.bbb
790,P0507,790@aaa.bbb
791,P0508,791@aaa.bbb
792,P0509,792@aaa.bbb
793,P0510,793@aaa.bbb
794,P0511,794@aaa.bbb
795,P0512,795@aaa.bbb
796,P0513,796@aaa.bbb
797,P0515,797@aaa.bbb
798,P0516,798@aaa.bbb
799,P0517,799@aaa.bbb
800,P0518,800@aaa.bbb
801,P0519,801@aaa.bbb
802,P0520,802@aaa.bbb
803,P0521,803@aaa.bbb
804,P0522,804@aaa.bbb
805,P0523,805@aaa.bbb
806,P0524,806@aaa.bbb
807,P0525,807@aaa.bbb
808,P0526,808@aaa.bbb
809,P0527,809@aaa.bbb
810,P0528,810@aaa.bbb
811,P0529,811@aaa.bbb
812,P0530,812@aaa.bbb
813,P0531,813@aaa.bbb
814,P0532,814@aaa.bbb
815,P0533,815@aaa.bbb
816,P0534,816@aaa.bbb
817,P0535,817@aaa.bbb
818,P0536,818@aaa.bbb
819,P0537,819@aaa.bbb
820,P0538,820@aaa.bbb
821,P0539,821@aaa.bbb
822,P0540,822@aaa.bbb
823,P0541,823@aaa.bbb
824,P0542,824@aaa.bbb
825,P0543,825@aaa.bbb
826,P0544,826@aaa.bbb
827,P0545,827@aaa.bbb
828,P0546,828@aaa.bbb
829,P0547,829@aaa.bbb
830,P0548,830@aaa.bbb
831,P0549,831@aaa.bbb
832,P0550,832@aaa.bbb
833,P0551,833@aaa.bbb
834,P0552,834@aaa.bbb
835,P0553,835@aaa.bbb
836,P0554,836@aaa.bbb
837,P0555,837@aaa.bbb
838,P0556,838@aaa.bbb
839,P0557,839@aaa.bbb
840,P0558,840@aaa.bbb
841,P0559,841@aaa.bbb
842,P0560,842@aaa.bbb
843,P0561,843@aaa.bbb
844,P0562,844@aaa.bbb
845,P0563,845@aaa.bbb
846,P0564,846@aaa.bbb
847,P0565,847@aaa.bbb
848,P0566,hiroshi-sakihara@pet-care.co.jp
849,P0567,849@aaa.bbb
850,P0568,850@aaa.bbb
851,P0569,851@aaa.bbb
852,P0570,852@aaa.bbb
853,P0571,853@aaa.bbb
854,P0572,854@aaa.bbb
855,P0573,855@aaa.bbb
856,P0574,856@aaa.bbb
857,P0575,857@aaa.bbb
858,P0576,858@aaa.bbb
859,P0577,859@aaa.bbb
860,P0578,860@aaa.bbb
861,P0579,861@aaa.bbb
862,P0580,862@aaa.bbb
863,P0581,zoologista.0321@docomo.ne.jp
864,P0582,864@aaa.bbb
865,P0583,865@aaa.bbb
866,P0584,866@aaa.bbb
867,P0585,867@aaa.bbb
868,P0586,868@aaa.bbb
869,P0587,869@aaa.bbb
870,P0588,870@aaa.bbb
871,P0589,871@aaa.bbb
872,P0590,872@aaa.bbb
873,P0591,873@aaa.bbb
874,P0592,874@aaa.bbb
875,P0593,ted.11c.2018@gmail.com
876,P0594,876@aaa.bbb
877,P0595,877@aaa.bbb
878,P0596,878@aaa.bbb
879,P0597,879@aaa.bbb
880,P0598,880@aaa.bbb
881,P0599,881@aaa.bbb
882,P0600,insectvillage@yahoo.co.jp
883,P0601,883@aaa.bbb
884,P0602,884@aaa.bbb
885,P0603,885@aaa.bbb
886,P0604,886@aaa.bbb
887,P0605,887@aaa.bbb
888,P0606,888@aaa.bbb
889,P0607,889@aaa.bbb
890,P0608,890@aaa.bbb
891,P0609,891@aaa.bbb
892,P0610,892@aaa.bbb
893,P0611,893@aaa.bbb
894,P0612,894@aaa.bbb
895,P0613,895@aaa.bbb
896,P0614,896@aaa.bbb
897,P0615,897@aaa.bbb
898,P0616,898@aaa.bbb
899,P0617,899@aaa.bbb
900,P0618,900@aaa.bbb
901,P0619,901@aaa.bbb
902,P0620,902@aaa.bbb
903,P0621,903@aaa.bbb
904,P0622,904@aaa.bbb
905,P0623,905@aaa.bbb
906,P0624,906@aaa.bbb
907,P0625,907@aaa.bbb
908,P0626,908@aaa.bbb
909,P0627,909@aaa.bbb
910,P0628,910@aaa.bbb
911,P0629,911@aaa.bbb
912,P0630,912@aaa.bbb
913,P0631,913@aaa.bbb
914,P0632,914@aaa.bbb
915,P0633,915@aaa.bbb
916,P0634,916@aaa.bbb
917,P0635,info@cafesaya.net
918,P0636,918@aaa.bbb
919,P0637,919@aaa.bbb
920,P0638,920@aaa.bbb
921,P0639,921@aaa.bbb
922,P0640,info@smallanimal.jp
923,P0641,923@aaa.bbb
924,P0642,924@aaa.bbb
925,P0643,925@aaa.bbb
926,P0644,926@aaa.bbb
927,P0645,m_kawai@pet-onlove.com
928,P0646,928@aaa.bbb
929,P0647,929@aaa.bbb
930,P0648,930@aaa.bbb
931,P0649,931@aaa.bbb
932,P0650,932@aaa.bbb
933,P0651,933@aaa.bbb
934,P0652,934@aaa.bbb
935,P0653,935@aaa.bbb
936,P0654,936@aaa.bbb
937,P0655,937@aaa.bbb
938,P0656,938@aaa.bbb
939,P0657,939@aaa.bbb
940,P0658,940@aaa.bbb
941,P0659,941@aaa.bbb
942,P0660,942@aaa.bbb
943,P0661,943@aaa.bbb
944,P0662,944@aaa.bbb
945,P0663,945@aaa.bbb
946,P0664,946@aaa.bbb
947,P0665,947@aaa.bbb
948,P0666,948@aaa.bbb
949,P0667,949@aaa.bbb
950,P0668,950@aaa.bbb
951,P0669,951@aaa.bbb
952,P0670,952@aaa.bbb
953,P0671,953@aaa.bbb
954,P0672,954@aaa.bbb
955,P0673,955@aaa.bbb
956,P0674,956@aaa.bbb
957,P0675,hm3@bait-hamaichi.co.jp
958,P0676,958@aaa.bbb
959,P0677,959@aaa.bbb
960,P0678,sunside@aquasunside.com
961,P0679,961@aaa.bbb
962,P0680,962@aaa.bbb
963,P0681,963@aaa.bbb
964,P0682,964@aaa.bbb
965,P0683,info@ainet-co.jp
966,P0684,966@aaa.bbb
967,P0685,967@aaa.bbb
968,P0686,yufuin_ittenbari@yahoo.co.jp
969,P0687,969@aaa.bbb
970,P0688,970@aaa.bbb
971,P0689,971@aaa.bbb
972,P0690,972@aaa.bbb
973,P0691,973@aaa.bbb
974,P0692,974@aaa.bbb
975,P0693,y-59033852-y@docomo.ne.jp
976,P0694,976@aaa.bbb
977,P0695,977@aaa.bbb
978,P0696,978@aaa.bbb
979,P0697,dds.reptiles@gmail.com
980,P0698,980@aaa.bbb
981,P0699,981@aaa.bbb
982,P0700,982@aaa.bbb
983,P0701,983@aaa.bbb
984,P0702,gpyamada@po8.lcy.ne.jp
985,P0703,985@aaa.bbb
986,P0704,986@aaa.bbb
987,P0705,umguwf@yahoo.co.jp
988,P0706,988@aaa.bbb
989,P0707,989@aaa.bbb
990,P0708,990@aaa.bbb
991,P0709,991@aaa.bbb
992,P0710,992@aaa.bbb
993,P0711,993@aaa.bbb
994,P0712,994@aaa.bbb
995,P0713,995@aaa.bbb
996,P0714,996@aaa.bbb
997,P0715,997@aaa.bbb
998,P0716,998@aaa.bbb
999,P0717,rinsyokan@etude.ocn.ne.jp
1000,P0718,1000@aaa.bbb
1001,P0719,1001@aaa.bbb
1002,P0720,1002@aaa.bbb
1003,P0721,eublepharisbufo@yahoo.co.jp
1004,P0723,1004@aaa.bbb
1005,P0724,1005@aaa.bbb
1006,P0725,1006@aaa.bbb
1007,P0726,rugosa@outlook.jp
1008,P0727,1008@aaa.bbb
1009,P0728,1009@aaa.bbb
1010,P0729,1010@aaa.bbb
1011,P0730,corazon.reptiles2017@gmail.com
1012,P0731,air2004@i.softbank.jp
1013,P0732,1013@aaa.bbb
1014,P0733,1014@aaa.bbb
1015,P0734,1015@aaa.bbb
1016,P0735,1016@aaa.bbb
1017,P0736,kingyoyasan_y@yahoo.co.jp
1018,P0737,1018@aaa.bbb
1019,P0738,eico_kitamori@zion-kumamoto.shop
1020,P0739,1020@aaa.bbb
1021,P0740,1021@aaa.bbb
1022,P0741,1022@aaa.bbb
1023,P0742,1023@aaa.bbb
1024,P0743,1024@aaa.bbb
1025,P0744,1025@aaa.bbb
1026,P0745,1026@aaa.bbb
1027,P0746,1027@aaa.bbb
1028,P0747,1028@aaa.bbb
1029,P0748,1029@aaa.bbb
1030,P0749,1030@aaa.bbb
1031,P0750,itozu2@kpfmmf.jp
1032,P0751,1032@aaa.bbb
1033,P0752,1033@aaa.bbb
1034,P0753,1034@aaa.bbb
1035,P0754,1035@aaa.bbb
1036,P0755,drb-amada10@jcom.home.ne.jp
1037,P0756,1037@aaa.bbb
1038,P0757,1038@aaa.bbb
1039,P0758,1039@aaa.bbb
1040,P0759,daytona@mito-n.com
1041,P0760,fukuokazoo.hupb@city.fukuoka.lg.jp
1042,P0761,fukurounomise@owlfamily.co.jp
1043,P0762,1043@aaa.bbb
1044,P0763,1044@aaa.bbb
1045,P0764,1045@aaa.bbb
1046,P0765,1046@aaa.bbb
1047,P0766,1047@aaa.bbb
1048,P0767,1048@aaa.bbb
1049,P0768,1049@aaa.bbb
1050,P0769,1050@aaa.bbb
1051,P0770,1051@aaa.bbb
1052,P0771,1052@aaa.bbb
1053,P0772,1053@aaa.bbb
1054,P0773,1054@aaa.bbb
1055,P0774,1055@aaa.bbb
1056,P0775,1056@aaa.bbb
1057,P0776,1057@aaa.bbb
1058,P0777,1058@aaa.bbb
1059,P0778,1059@aaa.bbb
1060,P0779,1060@aaa.bbb
1061,P0780,info@zicra.com
1062,P0781,kenny.ibaraki5163@gmail.com
1063,P0782,hk@hepi.jp
1064,P0783,1064@aaa.bbb
1065,P0784,1065@aaa.bbb
1066,P0785,1066@aaa.bbb
1067,P0786,1067@aaa.bbb
1068,P0787,aqua.malik@sky.plala.or.jp
1069,P0788,1069@aaa.bbb
1070,P0789,1070@aaa.bbb
1071,P0790,1071@aaa.bbb
1072,P0791,1072@aaa.bbb
1073,P0792,1073@aaa.bbb
1074,P0793,1074@aaa.bbb
1075,P0794,info.fukuroucafe@gmail.com
1076,P0795,1076@aaa.bbb
1077,P0796,1077@aaa.bbb
1078,P0797,lion@africansafari.co.jp
1079,P0798,1079@aaa.bbb
1080,P0799,1080@aaa.bbb
1081,P0800,1081@aaa.bbb
1082,P0801,1082@aaa.bbb
1083,P0802,1083@aaa.bbb
1084,P0803,1084@aaa.bbb
1085,P0804,1085@aaa.bbb
1086,P0805,1086@aaa.bbb
1087,P0806,1087@aaa.bbb
1088,P0807,store@yaneurat.com
1089,P0808,1089@aaa.bbb
1090,P0809,1090@aaa.bbb
1091,P0810,1091@aaa.bbb
1092,P0811,1092@aaa.bbb
1093,P0812,1093@aaa.bbb
1094,P0813,1094@aaa.bbb
1095,P0814,1095@aaa.bbb
1096,P0815,1096@aaa.bbb
1097,P0816,1097@aaa.bbb
1098,P0817,1098@aaa.bbb
1099,P0818,1099@aaa.bbb
1100,P0819,1100@aaa.bbb
1101,P0820,1101@aaa.bbb
1102,P0821,1102@aaa.bbb
1103,P0822,1103@aaa.bbb
1104,P0823,1104@aaa.bbb
1105,P0824,1105@aaa.bbb
1106,P0825,1106@aaa.bbb
1107,P0826,1107@aaa.bbb
1108,P0827,1108@aaa.bbb
1109,P0828,1109@aaa.bbb
1110,P0829,1110@aaa.bbb
1111,P0830,1111@aaa.bbb
1112,P0831,1112@aaa.bbb
1113,P0832,1113@aaa.bbb
1114,P0833,1114@aaa.bbb
1115,P0834,1115@aaa.bbb
1116,P0835,1116@aaa.bbb
1117,P0836,1117@aaa.bbb
1118,P0837,1118@aaa.bbb
1119,P0838,1119@aaa.bbb
1120,P0839,1120@aaa.bbb
1121,P0840,1121@aaa.bbb
1122,P0841,1122@aaa.bbb
1123,P0842,aqua@mq.tank.jp
1124,P0843,1124@aaa.bbb
1125,P0844,1125@aaa.bbb
1126,P0845,1126@aaa.bbb
1127,P0846,1127@aaa.bbb
1128,P0847,1128@aaa.bbb
1129,P0848,1129@aaa.bbb
1130,P0849,1130@aaa.bbb
1131,P0850,1131@aaa.bbb
1132,P0851,1132@aaa.bbb
1133,P0852,1133@aaa.bbb
1134,P0853,1134@aaa.bbb
1135,P0854,1135@aaa.bbb
1136,P0855,1136@aaa.bbb
1137,P0856,1137@aaa.bbb
1138,P0857,narikawa.management@gmail.com
1139,P0858,1139@aaa.bbb
1140,P0859,1140@aaa.bbb
1141,P0860,1141@aaa.bbb
1142,P0861,1142@aaa.bbb
1143,P0862,1143@aaa.bbb
1144,P0863,1144@aaa.bbb
1145,P0864,1145@aaa.bbb
1146,P0865,1146@aaa.bbb
1147,P0866,1147@aaa.bbb
1148,P0867,1148@aaa.bbb
1149,P0868,1149@aaa.bbb
1150,P0869,1150@aaa.bbb
1151,P0870,1151@aaa.bbb
1152,P0871,1152@aaa.bbb
1153,P0872,1153@aaa.bbb
1154,P0873,1154@aaa.bbb
1155,P0874,1155@aaa.bbb
1156,P0875,1156@aaa.bbb
1157,P0876,1157@aaa.bbb
1158,P0877,1158@aaa.bbb
1159,P0878,1159@aaa.bbb
1160,P0879,1160@aaa.bbb
1161,P0880,1161@aaa.bbb
1162,P0881,1162@aaa.bbb
1163,P0882,1163@aaa.bbb
1164,P0883,1164@aaa.bbb
1165,P0884,1165@aaa.bbb
1166,P0885,12medaka@gmail.com
1167,P0886,greenstyle1019@gmail.com
1168,P0887,1168@aaa.bbb
1169,P0888,pet@sougouplant.co.jp
1170,P0889,1170@aaa.bbb
1171,P0890,spkt2rx9@herb.ocn.ne.jp
1172,P0891,1172@aaa.bbb
1173,P0892,1173@aaa.bbb
1174,P0893,1174@aaa.bbb
1175,P0894,1175@aaa.bbb
1176,P0895,ryomatowinzar04180425@ezweb.ne.jp
1177,P0896,nrp36229@nifty.com
1178,P0897,byc_kakamigahara@yahoo.co.jp
1179,P0898,1179@aaa.bbb
1180,P0899,1180@aaa.bbb
1181,P0900,itozu4@kpfm.mf.jp
1182,P0901,tama@iwai-chem.co.jp
1183,P0902,rurikilly@gmail.com
1184,P0903,1184@aaa.bbb
1185,P0904,1185@aaa.bbb
1186,P0905,1186@aaa.bbb
1187,P0906,soromons_ring@ybb.ne.jp
1188,P0907,1188@aaa.bbb
1189,P0908,loj25@ares.eonet.ne.jp
1190,P0909,mattyacola3917@gmail.com
1191,P0910,sansaquaproject@yahoo.co.jp
1192,P0911,nana.runa7797@icloud.com
1193,P0912,1193@aaa.bbb
1194,P0913,nohohonkingdom1031@gmail.com
1195,P0914,1195@aaa.bbb
1196,P0915,another_dimension52@icloud.com
1197,P0916,nf3540804@gmail.com
1198,P0917,1198@aaa.bbb
1199,P0918,1199@aaa.bbb
1200,P0919,ltd.fukurou@mopera.net
1201,P0920,area06Shockwave@gmail.com
1202,P0921,shopmaster@shop.wn.shopserve.jp
1203,P0922,1203@aaa.bbb
1204,P0923,1204@aaa.bbb
1205,P0924,1205@aaa.bbb
1206,P0925,vtrnxx@gmail.com
1207,P0926,wildfamily.2017@gmail.com
1208,P0927,1208@aaa.bbb
1209,P0928,1209@aaa.bbb
1210,P0929,1210@aaa.bbb
1211,P0930,1211@aaa.bbb
1212,P0931,1212@aaa.bbb
1213,P0932,1213@aaa.bbb
1214,P0933,1214@aaa.bbb
1215,P0934,kunio_inoue@tzps.or.jp
1216,P0935,1216@aaa.bbb
1217,P0936,info@tobezoo.com
1218,P0937,1218@aaa.bbb
1219,P0938,1219@aaa.bbb
1220,P0939,info@goshawk.jp
1221,P0940,1221@aaa.bbb
1222,P0941,1222@aaa.bbb
1223,P0942,1223@aaa.bbb
1224,P0943,akashicrecordingsltd60@gmail.com
1225,P0944,1225@aaa.bbb
1226,P0945,1226@aaa.bbb
1227,P0946,1227@aaa.bbb
1228,P0947,1228@aaa.bbb
1229,P0948,info@active-zoo.info
1230,P0949,1230@aaa.bbb
1231,P0950,1231@aaa.bbb
1232,P0951,1232@aaa.bbb
1233,P0952,1233@aaa.bbb
1234,P0953,1234@aaa.bbb
1235,P0954,sirius.koji@gmai.com
1236,P0955,1236@aaa.bbb
1237,P0956,1237@aaa.bbb
1238,P0957,1238@aaa.bbb
1239,P0958,1239@aaa.bbb
1240,P0959,1240@aaa.bbb
1241,P0960,1241@aaa.bbb
1242,P0961,oike_shota@yahoo.co.jp
1243,P0962,pottachick@gmail.com
1244,P0963,1244@aaa.bbb
1245,P0964,atumare753@yahoo.co.jp
1246,P0965,hikarinomori@pet-onelove.com
1247,P0966,-rolling@ezweb.ne.jp
1248,P0967,shopmaster@petshop-buddy2.com
1249,P0968,takaponmama94@yahoo.co.jp
1250,P0969,lunauchu09031026@gmail.com
1251,P0970,1251@aaa.bbb
1252,P0971,1252@aaa.bbb
1253,P0972,1253@aaa.bbb
1254,P0973,aurafarm@yahoo.co.jp
1255,P0974,furumura.h@icloud.com
1256,P0975,alphard0830@gmail.com
1257,P0976,t.yuko@tmllabo.com
1258,P0977,hatsukaichi@higopet.com
1259,P0978,1259@aaa.bbb
1260,P0979,nextinstant5045@yahoo.co.jp
1261,P0980,leoleochameleon@ybb.ne.jp
1262,P0981,1262@aaa.bbb
1263,P0982,tm.20110328@gmail.com
1264,P0983,reptiles@brethren.xyz
1265,P0984,m-next-01@vega.ocn.ne.jp
1266,P0985,info@dream-reptiles.com
1267,P0986,riho.0320@docomo.ne.jp
1268,P0988,nakano29603150@gmail.com
1269,P0989,info@deu-reptiles.com
1270,P0990,leopanojinya@gmail.com
1271,P0991,tropicalfishsano@ybb.ne.jp
1272,P0992,akasaka.greenhill@gmail.com
1273,P0993,1273@aaa.bbb
1274,P0994,wildazul@yahoo.co.jp
1275,P0995,contact_wi@wi-okinawa.com
1276,P0996,hatsukaichi@higopet.com
1277,P0997,1277@aaa.bbb
1278,P0998,dainipponreptile@gmail.com
1279,P0999,1279@aaa.bbb
1280,P1000,1280@aaa.bbb
1281,P1001,1281@aaa.bbb
1282,P1002,kite1134@gmail.com
1283,P1003,1283@aaa.bbb
1284,P1004,1284@aaa.bbb
1285,P1005,gorazoon@gmail.com
1286,P1006,1286@aaa.bbb
1287,P1007,1287@aaa.bbb
1288,P1008,1288@aaa.bbb
1289,P1009,1289@aaa.bbb
1290,P1010,info@hachurin.com
1291,P1011,1291@aaa.bbb
1292,P1012,kazu8mail.d14@gmail.com
1293,P1013,info-harajuku@owls-garden.jp
1294,P1014,1294@aaa.bbb
1295,P1015,yuma@kuebiko.jp
1296,P1016,1296@aaa.bbb
1297,P1017,1297@aaa.bbb
1298,P1018,1298@aaa.bbb
1299,P1019,1299@aaa.bbb
1300,P1020,ryota066@yahoo.co.jp
1301,P1021,1301@aaa.bbb
1302,P1022,1302@aaa.bbb
1303,P1023,1303@aaa.bbb
1304,P1024,1304@aaa.bbb
1305,P1025,1305@aaa.bbb
1306,P1026,1306@aaa.bbb
1307,P1027,yunion.333@au.com
1308,P1028,t_a_88_r_k_d_22_2_fov_8_2@i.softbank.jp
1309,P1029,mikami@globalnet-ex.com
1310,P1030,momon03070511@gmail.com
1311,P1031,1311@aaa.bbb
1312,P1032,1312@aaa.bbb
1313,P1033,1313@aaa.bbb
1314,P1034,1314@aaa.bbb
1315,P1035,1315@aaa.bbb
1316,P1036,1316@aaa.bbb
1317,P1037,1317@aaa.bbb
1318,P1038,1318@aaa.bbb
1319,P1039,1319@aaa.bbb
1320,P1040,1320@aaa.bbb
1321,P1041,1321@aaa.bbb
1322,P1042,info@hachural-life.com
1323,P1043,w.32.15.wj@icloud.com
1324,P1044,info@feed-dsd.jp
1325,P1045,1325@aaa.bbb
1326,P1046,torakata@leopardgecko.jp
1327,P1047,1327@aaa.bbb
1328,P1048,yoshikan@ever.ocn.ne.jp
1329,P1049,1329@aaa.bbb
1330,P1050,okayu816@icloud.com
1331,P1051,1331@aaa.bbb
1332,P1052,hs2y.10.ktssat@ezweb.ne.jp
1333,P1053,1333@aaa.bbb
1334,P1054,aimi0109kouki@yahoo.co.jp
1335,P1055,tsuribaka.reo0215@icloud.com
1336,P1056,to777ru@softbank.ne.jp
1337,P1057,nao.2963329@gmail.com
1338,P1058,1338@aaa.bbb
1339,P1059,1339@aaa.bbb
1340,P1060,1340@aaa.bbb
1341,P1061,lesson_flower@yahoo.co.jp
1342,P1062,tanaka.osero2015@gmail.com
1343,P1063,tenwareptile@yahoo.co.jp
1344,P1064,1344@aaa.bbb
1345,P1065,1345@aaa.bbb
1346,P1066,1346@aaa.bbb
1347,P1067,1347@aaa.bbb
1348,P1068,1348@aaa.bbb
1349,P1069,okashinashippo@gmail.com
1350,P1070,yuichi.a@high-est.co.jp
1351,P1071,1351@aaa.bbb
1352,P1072,zhongzhiyeyuan@gmail.com
1353,P1073,1353@aaa.bbb
1354,P1074,zad7425fd7xvzh_1209@yahoo.co.jp
1355,P1075,jintianguangcheng4@gmail.com
1356,P1076,1356@aaa.bbb
1357,P1077,1357@aaa.bbb
1358,P1078,1358@aaa.bbb
1359,P1079,1359@aaa.bbb
1360,P1080,1360@aaa.bbb
1361,P1081,naoshi@shinozaki.tokyo
1362,P1082,grade_farm830@icloud.com
1363,P1083,1363@aaa.bbb
1364,P1084,1364@aaa.bbb
1365,P1085,1365@aaa.bbb
1366,P1086,1366@aaa.bbb
1367,P1087,1367@aaa.bbb
1368,P1088,1368@aaa.bbb
1369,P1089,1369@aaa.bbb
1370,P1090,1370@aaa.bbb
1371,P1091,1371@aaa.bbb
1372,P1092,1372@aaa.bbb
1373,P1093,1373@aaa.bbb
1374,P1094,1374@aaa.bbb
1375,P1095,1375@aaa.bbb
1376,PN004,1376@aaa.bbb
1377,PN005,1377@aaa.bbb
1378,S01,1378@aaa.bbb
1379,S02,1379@aaa.bbb
1380,S03,1380@aaa.bbb
1381,S04,1381@aaa.bbb
1382,S05,1382@aaa.bbb
1383,S06,1383@aaa.bbb
1384,S07,1384@aaa.bbb
1385,S08,1385@aaa.bbb
1386,S09,1386@aaa.bbb
1387,S1,1387@aaa.bbb
1388,S10,1388@aaa.bbb
1389,S11,1389@aaa.bbb
1390,S12,1390@aaa.bbb
1391,S13,1391@aaa.bbb
1392,S14,1392@aaa.bbb
1393,S15,1393@aaa.bbb
1394,S16,1394@aaa.bbb
1395,S17,1395@aaa.bbb
1396,S18,1396@aaa.bbb
1397,S19,1397@aaa.bbb
1398,S2,1398@aaa.bbb
1399,S20,1399@aaa.bbb
1400,S21,1400@aaa.bbb
1401,S22,1401@aaa.bbb
1402,S23,1402@aaa.bbb
1403,S24,1403@aaa.bbb
1404,S25,1404@aaa.bbb
1405,S28,1405@aaa.bbb
1406,S29,1406@aaa.bbb
1407,S3,1407@aaa.bbb
1408,S30,1408@aaa.bbb
1409,S31,1409@aaa.bbb
1410,S32,1410@aaa.bbb
1411,S33,1411@aaa.bbb
1412,S34,1412@aaa.bbb
1413,S35,1413@aaa.bbb
1414,S36,1414@aaa.bbb
1415,S37,1415@aaa.bbb
1416,S38,1416@aaa.bbb
1417,S39,1417@aaa.bbb
1418,S4,1418@aaa.bbb
1419,S40,1419@aaa.bbb
1420,S41,1420@aaa.bbb
1421,S43,1421@aaa.bbb
1422,S44,1422@aaa.bbb
1423,S45,1423@aaa.bbb
1424,S46,1424@aaa.bbb
1425,S47,1425@aaa.bbb
1426,S48,1426@aaa.bbb
1427,S49,1427@aaa.bbb
1428,S5,1428@aaa.bbb
1429,S50,1429@aaa.bbb
1430,S5000,1430@aaa.bbb
1431,S5001,1431@aaa.bbb
1432,S5002,1432@aaa.bbb
1433,S5003,1433@aaa.bbb
1434,S5004,1434@aaa.bbb
1435,S5005,1435@aaa.bbb
1436,S5006,1436@aaa.bbb
1437,S5007,1437@aaa.bbb
1438,S5008,1438@aaa.bbb
1439,S5009,1439@aaa.bbb
1440,S5010,1440@aaa.bbb
1441,S5011,1441@aaa.bbb
1442,S5012,1442@aaa.bbb
1443,S51,1443@aaa.bbb
1444,S52,1444@aaa.bbb
1445,S53,1445@aaa.bbb
1446,S55,1446@aaa.bbb
1447,S57,1447@aaa.bbb
1448,S58,1448@aaa.bbb
1449,S59,1449@aaa.bbb
1450,S6,1450@aaa.bbb
1451,S60,1451@aaa.bbb
1452,S61,1452@aaa.bbb
1453,S62,1453@aaa.bbb
1454,S63,1454@aaa.bbb
1455,S64,1455@aaa.bbb
1456,S66,1456@aaa.bbb
1457,S67,1457@aaa.bbb
1458,S68,1458@aaa.bbb
1459,S69,1459@aaa.bbb
1460,S7,1460@aaa.bbb
1461,S70,1461@aaa.bbb
1462,S71,1462@aaa.bbb
1463,S72,1463@aaa.bbb
1464,S73,1464@aaa.bbb
1465,S74,1465@aaa.bbb
1466,S75,1466@aaa.bbb
1467,S76,1467@aaa.bbb
1468,S77,1468@aaa.bbb
1469,S78,1469@aaa.bbb
1470,S8,1470@aaa.bbb
1471,S80,1471@aaa.bbb
1472,S8000,1472@aaa.bbb
1473,S81,1473@aaa.bbb
1474,S82,1474@aaa.bbb
1475,S83,1475@aaa.bbb
1476,S85,1476@aaa.bbb
1477,S86,1477@aaa.bbb
1478,S87,1478@aaa.bbb
1479,S88,1479@aaa.bbb
1480,S89,1480@aaa.bbb
1481,S9,1481@aaa.bbb
1482,S90,1482@aaa.bbb
1483,S92,1483@aaa.bbb
1484,S93,1484@aaa.bbb
1485,S94,1485@aaa.bbb
1486,S95,1486@aaa.bbb
1487,S96,1487@aaa.bbb
1488,S97,1488@aaa.bbb
1489,S98,1489@aaa.bbb
1490,S99,1490@aaa.bbb
1491,T01,1491@aaa.bbb
1492,T02,1492@aaa.bbb
1493,T04,1493@aaa.bbb
1494,T05,1494@aaa.bbb
1495,T06,1495@aaa.bbb
1496,T07,1496@aaa.bbb
1497,T08,1497@aaa.bbb
1498,T09,1498@aaa.bbb
1499,T10,1499@aaa.bbb
1500,T11,1500@aaa.bbb
1501,T12,1501@aaa.bbb
1502,T13,1502@aaa.bbb
1503,T14,1503@aaa.bbb
1504,T15,1504@aaa.bbb
1505,T16,1505@aaa.bbb
1506,T17,1506@aaa.bbb
1507,T18,1507@aaa.bbb
1508,T19,1508@aaa.bbb
1509,T20,1509@aaa.bbb
1510,T21,1510@aaa.bbb
1511,T22,1511@aaa.bbb
1512,T23,1512@aaa.bbb
1513,U1001,1513@aaa.bbb
1514,U1002,1514@aaa.bbb
1515,U1003,1515@aaa.bbb
1516,U1004,1516@aaa.bbb
1517,U1006,1517@aaa.bbb
1518,U1007,1518@aaa.bbb
1519,U1009,1519@aaa.bbb
1520,U1010,1520@aaa.bbb
1521,U1011,1521@aaa.bbb
1522,U1012,1522@aaa.bbb
1523,U1013,1523@aaa.bbb
1524,U1014,1524@aaa.bbb
1525,U1015,1525@aaa.bbb
1526,U1016,1526@aaa.bbb
1527,U1017,1527@aaa.bbb
1528,U1018,1528@aaa.bbb
1529,U1020,1529@aaa.bbb
1530,U1021,1530@aaa.bbb
1531,U1022,1531@aaa.bbb
1532,U1023,1532@aaa.bbb
1533,U1024,1533@aaa.bbb
1534,U1025,1534@aaa.bbb
1535,U1026,1535@aaa.bbb
1536,U1027,1536@aaa.bbb
1537,U1028,1537@aaa.bbb
1538,U1029,1538@aaa.bbb
1539,U1030,1539@aaa.bbb
1540,U1031,1540@aaa.bbb
1541,U1032,1541@aaa.bbb
1542,U1033,1542@aaa.bbb
1543,U1034,1543@aaa.bbb
1544,U1035,1544@aaa.bbb
1545,U1036,1545@aaa.bbb
1546,U1037,1546@aaa.bbb
1547,U1038,1547@aaa.bbb
1548,U1039,1548@aaa.bbb
1549,U1040,1549@aaa.bbb
1550,U1041,1550@aaa.bbb
1551,U1042,1551@aaa.bbb
1552,U1043,1552@aaa.bbb
1553,U1044,1553@aaa.bbb
1554,U1045,1554@aaa.bbb
1555,U1046,1555@aaa.bbb
1556,U1047,1556@aaa.bbb
1557,U1048,1557@aaa.bbb
1558,U1049,1558@aaa.bbb
1559,U1050,1559@aaa.bbb
1560,U1051,1560@aaa.bbb
1561,U1052,1561@aaa.bbb
1562,U1053,1562@aaa.bbb
1563,U1054,1563@aaa.bbb
1564,U1055,1564@aaa.bbb
1565,U1056,1565@aaa.bbb
1566,U1057,1566@aaa.bbb
1567,U1058,1567@aaa.bbb
1568,U1059,1568@aaa.bbb
1569,U1060,1569@aaa.bbb
1570,U1061,1570@aaa.bbb
1571,U1062,1571@aaa.bbb
1572,U1063,1572@aaa.bbb
1573,U1064,1573@aaa.bbb
1574,U1065,1574@aaa.bbb
1575,U1066,1575@aaa.bbb
1576,U1067,1576@aaa.bbb
1577,U1068,1577@aaa.bbb
1578,U1069,1578@aaa.bbb
1579,U1070,1579@aaa.bbb
1580,U1071,1580@aaa.bbb
1581,U1072,1581@aaa.bbb
1582,U1073,1582@aaa.bbb
1583,U1074,1583@aaa.bbb
1584,U1075,1584@aaa.bbb
1585,U1076,1585@aaa.bbb
1586,U1077,1586@aaa.bbb
1587,U1078,1587@aaa.bbb
1588,U1079,1588@aaa.bbb
1589,U1080,1589@aaa.bbb
1590,U1081,1590@aaa.bbb
1591,U1082,1591@aaa.bbb
1592,U1083,1592@aaa.bbb
1593,U1084,1593@aaa.bbb
1594,U1085,1594@aaa.bbb
1595,U1090,1595@aaa.bbb
1596,U1091,1596@aaa.bbb
1597,U1092,1597@aaa.bbb
1598,U1093,1598@aaa.bbb
1599,U1094,1599@aaa.bbb
1600,U1095,1600@aaa.bbb
1601,U1096,1601@aaa.bbb
1602,U1097,1602@aaa.bbb
1603,U1098,1603@aaa.bbb
1604,U1099,1604@aaa.bbb
1605,U1100,1605@aaa.bbb
1606,U1101,1606@aaa.bbb
1607,U1102,1607@aaa.bbb
1608,U1103,1608@aaa.bbb
1609,U1104,1609@aaa.bbb
1610,U1105,1610@aaa.bbb
1611,U1106,1611@aaa.bbb
1612,U1107,1612@aaa.bbb
1613,U1108,1613@aaa.bbb
1614,U1109,1614@aaa.bbb
1615,U1110,1615@aaa.bbb
1616,U1111,1616@aaa.bbb
1617,U1112,1617@aaa.bbb
1618,U1113,1618@aaa.bbb
1619,P1096,1619@aaa.bbb
1620,S5013,1620@aaa.bbb